{
 "config_hash": "2d2d3ee94a78e4ff1d2bfbf4ac8ea0ff8d85e378da01e4599cda3df4c6519b60",
 "results": {
  "hl5|k5": {
   "n": 3900,
   "D": 78,
   "net_per_entry": -12.890751240541528,
   "gross_per_entry": 0.797995608721087,
   "friction_per_entry": 13.688746849262616,
   "ratio": 0.05829573864638116,
   "t_net": -9.845762924643525,
   "hit_rate": 0.3851282051282051,
   "max_day_share": 0.05060633664659112,
   "max_code_share": 0.03829317067032865,
   "worst_bps": -540.8550724637685,
   "p1_bps": -210.39641828136925,
   "mae_median_bps": 30.186946677788207,
   "mae_p10_bps": 105.8299955496227,
   "exit_reasons": {
    "0": 3900
   },
   "long_n": 1950,
   "short_n": 1950,
   "max_month_share": 0.28360429510209645,
   "long_net_per_entry": -14.509516133722068,
   "short_net_per_entry": -11.271986347360988,
   "stress_net_per_entry": -49.80599430891928,
   "null": {
    "null_mean": -13.421707898028325,
    "null_std": 0.649424682414835,
    "gap": 0.5309566574867972,
    "gap_z": 0.8175800394781367
   },
   "deciles": {
    "decile_mean_adj_bps": [
     -1.73395023332524,
     -0.476112143845791,
     -0.16962830565304274,
     -0.45928658385925697,
     -0.14345239016906813,
     0.26249718319677334,
     -0.09861922588670165,
     0.7445377600744636,
     0.5460570251282927,
     1.0394343370835617
    ],
    "spearman": 0.9636363636363635
   },
   "controls": {
    "rotation": [
     {
      "shift": 1,
      "n": 3900,
      "net_per_entry": -14.2626828987665,
      "gross_per_entry": -0.5810608352287528
     },
     {
      "shift": 2,
      "n": 3900,
      "net_per_entry": -14.373873438898725,
      "gross_per_entry": -0.673918372848476
     },
     {
      "shift": 3,
      "n": 3900,
      "net_per_entry": -11.533204405689263,
      "gross_per_entry": 2.144111826854654
     },
     {
      "shift": 4,
      "n": 3900,
      "net_per_entry": -13.911681955005049,
      "gross_per_entry": -0.22563586071564343
     }
    ],
    "rotation_gross_mean": 0.16587418951544547,
    "rotation_net_mean": -13.520360674589885,
    "perm_n": 119,
    "perm_net_mean": -13.398671456244402,
    "perm_net_std": 0.8758069100925928,
    "perm_gross_mean": 0.28804891759720813,
    "perm_p_net": 0.26666666666666666
   }
  },
  "hl5|k10": {
   "n": 7800,
   "D": 78,
   "net_per_entry": -12.24575173672699,
   "gross_per_entry": 1.5357600217719647,
   "friction_per_entry": 13.781511758498956,
   "ratio": 0.11143625232731619,
   "t_net": -14.626926832384267,
   "hit_rate": 0.3832051282051282,
   "max_day_share": 0.03333838829837812,
   "max_code_share": 0.031359926232219955,
   "worst_bps": -540.8550724637685,
   "p1_bps": -189.75034513145457,
   "mae_median_bps": 27.93084228966569,
   "mae_p10_bps": 96.66626693848173,
   "exit_reasons": {
    "0": 7800
   },
   "long_n": 3900,
   "short_n": 3900,
   "max_month_share": 0.26491656585230916,
   "long_net_per_entry": -14.165789229048087,
   "short_net_per_entry": -10.325714244405896,
   "stress_net_per_entry": -49.365077605424695,
   "null": {
    "null_mean": -13.422365656680618,
    "null_std": 0.4639350932336749,
    "gap": 1.1766139199536276,
    "gap_z": 2.5361606334897164
   },
   "deciles": {
    "decile_mean_adj_bps": [
     -1.73395023332524,
     -0.476112143845791,
     -0.16962830565304274,
     -0.45928658385925697,
     -0.14345239016906813,
     0.26249718319677334,
     -0.09861922588670165,
     0.7445377600744636,
     0.5460570251282927,
     1.0394343370835617
    ],
    "spearman": 0.9636363636363635
   },
   "controls": {
    "rotation": [
     {
      "shift": 1,
      "n": 7800,
      "net_per_entry": -13.831919739408214,
      "gross_per_entry": -0.050465268321491015
     },
     {
      "shift": 2,
      "n": 7800,
      "net_per_entry": -13.68752485152977,
      "gross_per_entry": 0.09116139785671824
     },
     {
      "shift": 3,
      "n": 7800,
      "net_per_entry": -12.743429708251485,
      "gross_per_entry": 1.0406581524355305
     },
     {
      "shift": 4,
      "n": 7800,
      "net_per_entry": -13.587068016284826,
      "gross_per_entry": 0.19045422836071185
     }
    ],
    "rotation_gross_mean": 0.3179521275828674,
    "rotation_net_mean": -13.462485578868574,
    "perm_n": 119,
    "perm_net_mean": -13.227318533748774,
    "perm_net_std": 0.5735242572646727,
    "perm_gross_mean": 0.5533267625942055,
    "perm_p_net": 0.06666666666666667
   }
  },
  "hl20|k5": {
   "n": 3900,
   "D": 78,
   "net_per_entry": -12.73914020059238,
   "gross_per_entry": 1.243958932737088,
   "friction_per_entry": 13.983099133329468,
   "ratio": 0.08896160435364754,
   "t_net": -11.543960149449317,
   "hit_rate": 0.37666666666666665,
   "max_day_share": 0.03577712794525702,
   "max_code_share": 0.03355175519308042,
   "worst_bps": -540.8550724637685,
   "p1_bps": -199.54102261231233,
   "mae_median_bps": 28.774021473326748,
   "mae_p10_bps": 99.3229058503977,
   "exit_reasons": {
    "0": 3900
   },
   "long_n": 1950,
   "short_n": 1950,
   "max_month_share": 0.2693249753677734,
   "long_net_per_entry": -13.817769515672758,
   "short_net_per_entry": -11.660510885512004,
   "stress_net_per_entry": -50.30195829391722,
   "null": {
    "null_mean": -13.421707898028325,
    "null_std": 0.649424682414835,
    "gap": 0.6825676974359443,
    "gap_z": 1.0510344246508612
   },
   "deciles": {
    "decile_mean_adj_bps": [
     -1.2387379472502587,
     -0.13533884469414803,
     -0.643089000528642,
     -0.23325357361906615,
     0.24594900285330515,
     -0.12496427343061481,
     0.29650286725960234,
     0.3565493259324833,
     0.258935460488073,
     0.7225293052980004
    ],
    "spearman": 0.9151515151515152
   },
   "controls": {
    "rotation": [
     {
      "shift": 1,
      "n": 3900,
      "net_per_entry": -13.11158037271726,
      "gross_per_entry": 0.8894546966789889
     },
     {
      "shift": 2,
      "n": 3900,
      "net_per_entry": -13.177212621709508,
      "gross_per_entry": 0.82156145169214
     },
     {
      "shift": 3,
      "n": 3900,
      "net_per_entry": -12.102565475514218,
      "gross_per_entry": 1.8807255082236873
     },
     {
      "shift": 4,
      "n": 3900,
      "net_per_entry": -14.745741902616405,
      "gross_per_entry": -0.7606396555667541
     }
    ],
    "rotation_gross_mean": 0.7077755002570156,
    "rotation_net_mean": -13.284275093139346,
    "perm_n": 119,
    "perm_net_mean": -13.178912887016825,
    "perm_net_std": 0.7869207595641301,
    "perm_gross_mean": 0.8114075922489622,
    "perm_p_net": 0.26666666666666666
   }
  },
  "hl20|k10": {
   "n": 7800,
   "D": 78,
   "net_per_entry": -12.737768728339542,
   "gross_per_entry": 1.394475047954672,
   "friction_per_entry": 14.132243776294214,
   "ratio": 0.098673294207803,
   "t_net": -16.998545172491372,
   "hit_rate": 0.3688461538461538,
   "max_day_share": 0.02882591383816925,
   "max_code_share": 0.03185503066677037,
   "worst_bps": -540.8550724637685,
   "p1_bps": -180.20977013543586,
   "mae_median_bps": 26.731740907367517,
   "mae_p10_bps": 92.23288975285584,
   "exit_reasons": {
    "0": 7800
   },
   "long_n": 3900,
   "short_n": 3900,
   "max_month_share": 0.27322641356807364,
   "long_net_per_entry": -13.56786653443956,
   "short_net_per_entry": -11.907670922239525,
   "stress_net_per_entry": -50.62870503618681,
   "null": {
    "null_mean": -13.422365656680618,
    "null_std": 0.4639350932336749,
    "gap": 0.684596928341076,
    "gap_z": 1.4756308335490762
   },
   "deciles": {
    "decile_mean_adj_bps": [
     -1.2387379472502587,
     -0.13533884469414803,
     -0.643089000528642,
     -0.23325357361906615,
     0.24594900285330515,
     -0.12496427343061481,
     0.29650286725960234,
     0.3565493259324833,
     0.258935460488073,
     0.7225293052980004
    ],
    "spearman": 0.9151515151515152
   },
   "controls": {
    "rotation": [
     {
      "shift": 1,
      "n": 7800,
      "net_per_entry": -13.214273253120707,