{
 "config_hash": "516090c5edb43c3d9b97cf3ef23af4cffce373fa26e979df09675438a2bec397",
 "results": {
  "linear|h15|k5": {
   "n": 3900,
   "D": 78,
   "net_per_entry": -15.433411994899368,
   "gross_per_entry": -1.347522335443209,
   "friction_per_entry": 14.085889659456155,
   "ratio": -0.09566469481312377,
   "t_net": -12.756481549195982,
   "hit_rate": 0.3712820512820513,
   "max_day_share": 0.032812339847807785,
   "max_code_share": 0.0313366228011054,
   "worst_bps": -563.9832474226802,
   "p1_bps": -200.52066236246702,
   "mae_median_bps": 27.67941765398629,
   "mae_p10_bps": 102.9359036793016,
   "exit_reasons": {
    "0": 3900
   },
   "long_n": 1950,
   "short_n": 1950,
   "max_month_share": 0.3091722483438667,
   "long_net_per_entry": -14.046756946717755,
   "short_net_per_entry": -16.82006704308098,
   "stress_net_per_entry": -53.222369245702914,
   "null": {
    "null_mean": -13.431094604375776,
    "null_std": 0.49423974259893444,
    "gap": -2.002317390523592,
    "gap_z": -4.051307934069624
   },
   "deciles": {
    "decile_mean_adj_bps": [
     -0.09979543833097203,
     -0.36396721581617825,
     -0.33673905355744943,
     -0.1778669155228819,
     0.19355426340507487,
     -0.2539242446096372,
     -0.03551129325225997,
     0.051924517002531666,
     0.2690680722133633,
     0.6324304794278006
    ],
    "spearman": 0.7696969696969697
   }
  },
  "linear|h15|k10": {
   "n": 7800,
   "D": 78,
   "net_per_entry": -13.82027942047109,
   "gross_per_entry": 0.18670323072871106,
   "friction_per_entry": 14.006982651199802,
   "ratio": 0.013329296921255096,
   "t_net": -17.621608205846417,
   "hit_rate": 0.3630769230769231,
   "max_day_share": 0.028313347403765395,
   "max_code_share": 0.028496319703082,
   "worst_bps": -1199.9004792782623,
   "p1_bps": -180.54102703966424,
   "mae_median_bps": 23.628869243623175,
   "mae_p10_bps": 88.12596984980203,
   "exit_reasons": {
    "0": 7800
   },
   "long_n": 3900,
   "short_n": 3900,
   "max_month_share": 0.2910989001717488,
   "long_net_per_entry": -12.2811842196415,
   "short_net_per_entry": -15.359374621300685,
   "stress_net_per_entry": -51.43564125311065,
   "null": {
    "null_mean": -13.448092262926112,
    "null_std": 0.35353182216951823,
    "gap": -0.3721871575449782,
    "gap_z": -1.0527684757229996
   },
   "deciles": {
    "decile_mean_adj_bps": [
     -0.09979543833097203,
     -0.36396721581617825,
     -0.33673905355744943,
     -0.1778669155228819,
     0.19355426340507487,
     -0.2539242446096372,
     -0.03551129325225997,
     0.051924517002531666,
     0.2690680722133633,
     0.6324304794278006
    ],
    "spearman": 0.7696969696969697
   }
  },
  "linear|h30|k5": {
   "n": 3900,
   "D": 78,
   "net_per_entry": -15.422191761312828,
   "gross_per_entry": -1.3385063128575354,
   "friction_per_entry": 14.083685448455293,
   "ratio": -0.09503949216675693,
   "t_net": -11.979604692282306,
   "hit_rate": 0.38358974358974357,
   "max_day_share": 0.040290407815711186,
   "max_code_share": 0.05188283741877955,
   "worst_bps": -718.8371659415794,
   "p1_bps": -250.43894472241067,
   "mae_median_bps": 34.888502386029586,
   "mae_p10_bps": 131.5427219011125,
   "exit_reasons": {
    "0": 3900
   },
   "long_n": 1950,
   "short_n": 1950,
   "max_month_share": 0.33378221366992206,
   "long_net_per_entry": -13.451608836176534,
   "short_net_per_entry": -17.392774686449123,
   "stress_net_per_entry": -53.20629974791448,
   "null": {
    "null_mean": -13.421707898028325,
    "null_std": 0.649424682414835,
    "gap": -2.0004838632845026,
    "gap_z": -3.080393950913383
   },
   "deciles": {
    "decile_mean_adj_bps": [
     0.2248957239576581,
     -0.5171737549635944,
     -0.29177612448201096,
     -0.25844245215836603,
     0.03418095554540069,
     -0.5327633840391289,
     0.4295255199564713,
     -0.2590999664316279,
     0.3987922005717018,
     0.6217900333996033
    ],
    "spearman": 0.49090909090909085
   }
  },
  "linear|h30|k10": {
   "n": 7800,
   "D": 78,
   "net_per_entry": -14.360226863264176,
   "gross_per_entry": -0.326113140340931,
   "friction_per_entry": 14.034113722923246,
   "ratio": -0.023237173845061517,
   "t_net": -16.513770523293346,
   "hit_rate": 0.38346153846153846,
   "max_day_share": 0.030181521626453323,
   "max_code_share": 0.035241174394262456,
   "worst_bps": -1154.7919368480411,
   "p1_bps": -228.02194040170693,
   "mae_median_bps": 31.77725674542442,
   "mae_p10_bps": 115.87754117532602,
   "exit_reasons": {
    "0": 7800
   },
   "long_n": 3900,
   "short_n": 3900,
   "max_month_share": 0.30087846404160223,
   "long_net_per_entry": -12.954136629844307,
   "short_net_per_entry": -15.766317096684043,
   "stress_net_per_entry": -52.03527705369532,
   "null": {
    "null_mean": -13.422365656680618,
    "null_std": 0.4639350932336749,
    "gap": -0.9378612065835572,
    "gap_z": -2.0215353834230756
   },
   "deciles": {
    "decile_mean_adj_bps": [
     0.2248957239576581,
     -0.5171737549635944,
     -0.29177612448201096,
     -0.25844245215836603,
     0.03418095554540069,
     -0.5327633840391289,
     0.4295255199564713,
     -0.2590999664316279,
     0.3987922005717018,
     0.6217900333996033
    ],
    "spearman": 0.49090909090909085
   }
  },
  "linear|h60|k5": {
   "n": 3900,
   "D": 78,
   "net_per_entry": -14.950292425359935,
   "gross_per_entry": -0.9012944807691855,
   "friction_per_entry": 14.04899794459075,
   "ratio": -0.06415364884555404,
   "t_net": -8.248676084169496,
   "hit_rate": 0.4256410256410256,
   "max_day_share": 0.041808538569943154,
   "max_code_share": 0.03683301284113645,
   "worst_bps": -729.195566604517,
   "p1_bps": -287.5737133472648,
   "mae_median_bps": 46.53131120274767,
   "mae_p10_bps": 158.6858834598217,
   "exit_reasons": {
    "0": 3900
   },
   "long_n": 1950,
   "short_n": 1950,
   "max_month_share": 0.36974707953487607,
   "long_net_per_entry": -10.812509922970506,
   "short_net_per_entry": -19.088074927749364,
   "stress_net_per_entry": -52.65808790345958,
   "null": {
    "null_mean": -13.395530063027959,
    "null_std": 0.8761668690865955,
    "gap": -1.5547623623319762,
    "gap_z": -1.7745048542554651
   },
   "deciles": {
    "decile_mean_adj_bps": [
     1.4233396018156632,
     0.1122823899415555,
     -0.13535089144330206,
     -0.37666334842239857,
     0.013906251959182582,
     -0.051420998088646946,
     -0.3137169277607844,
     -0.12221585879861184,
     -0.7120745079749874,
     0.09692775801868786
    ],
    "spearman": -0.406060606060606
   }
  },
  "linear|h60|k10": {
   "n": 7800,
   "D": 78,
   "net_per_entry": -15.079717720251551,
   "gross_per_entry": -1.0473629129964326,
   "friction_per_entry": 14.03235480725512,
   "ratio": -0.07463914128332308,
   "t_net": -12.405637613301327,
   "hit_rate": 0.4156410256410256,
   "max_day_share": 0.03181073766898312,
   "max_code_share": 0.02545649282156108,
   "worst_bps": -729.195566604517,
   "p1_bps": -278.33393437279915,
   "mae_median_bps": 42.03736537579772,
   "mae_p10_bps": 143.4720266030736,
   "exit_reasons": {
    "0": 7800
   },
   "long_n": 3900,
   "short_n": 3900,
   "max_month_share": 0.3289191415433234,
   "long_net_per_entry": -12.164305249106791,
   "short_net_per_entry": -17.995130191396314,
   "stress_net_per_entry": -52.75089829621281,
   "null": {
    "null_mean": -13.443535813133831,
    "null_std": 0.5958703967410884,
    "gap": -1.6361819071177202,
    "gap_z": -2.7458687594924394
   },
   "deciles": {
    "decile_mean_adj_bps": [
     1.4233396018156632,
     0.1122823899415555,
     -0.13535089144330206,
     -0.37666334842239857,
     0.013906251959182582,
     -0.051420998088646946,
     -0.3137169277607844,
     -0.12221585879861184,
     -0.7120745079749874,
     0.09692775801868786
    ],
    "spearman": -0.406060606060606
   }
  },
  "lgbm_rank|h15|k5": {
   "n": 3900,
   "D": 78,
   "net_per_entry": -10.935913961616807,
   "gross_per_entry": 2.458212259699512,
   "friction_per_entry": 13.394126221316318,